{
  "drive": {
    "p": 0.029225,
    "i": 0,
    "d": 0.0001535,
    "f": 0,
    "iz": 0
  },
  "angle": {
    "p": 0.028438,
    "i": 0,
    "d": 0.002375,
    "f": 0,
    "iz": 0
  }
}