{
  "drive": {
    "p": 0.045849,
    "i": 0,
    "d": 0.0068069,
    "f": 0,
    "iz": 0
  },
  "angle": {
    "p": 0.0091857,
    "i": 0,
    "d": 0.00052987,
    "f": 0,
    "iz": 0
  }
}